word,count
administrator,19
azure,29
b2b,27
baz,76
bazami,26
bi,42
business,38
cloud,27
data,86
database,109
design,17
development,27
dobra,24
doświadczenia,23
ensure,19
environment,21
etl,20
hurtowni,23
insurance,21
join,19
języka,23
knowledge,23
linux,17
management,27
mile,17
minimum,22
możliwość,22
multisport,19
narzędzi,20
naszych,19
new,17
np,29
oferujemy,20
optymalizacja,17
optymalizacji,17
oracle,70
performance,42
pl,52
pl sql,39
platform,27
postgresql,30
power,23
power bi,19
praca,21
pracę,23
problemów,17
procedur,28
programowaniu,17
projektowanie,21
python,21
recovery,21
requirements,17
rozwiązania,21
rozwoju,23
rozwój,19
security,23
server,32
services,22
solutions,28
sql,154
sql server,24
strong,24
support,29
systems,22
systemów,40
team,44
teams,21
tools,21
tuning,18
tworzenie,33
umiejętność,32
understanding,19
wdrażanie,21
work,60
working,35
wsparcie,19
współpraca,18
zapytań,31
zapytań sql,18
zarządzania,21
